name,accuracy,balanced_accuracy,precision,recall,f1,auroc
LogisticRegression,0.8740392156862745,0.8692517233177903,0.9679245283018868,0.8765900892348586,0.9199960147454419,0.8692517233177903
RandomForestClassifier,0.8807843137254902,0.67984501277966,0.8820139006611291,0.987848870324663,0.9319362349991044,0.67984501277966
SGDClassifier,0.9061960784313725,0.8138826211017582,0.9327154772937906,0.955382570723372,0.9439129619208404,0.8138826211017581
KNeighborsClassifier,0.8693333333333333,0.6675700790769309,0.8785860655737705,0.9768369090563889,0.9251101321585903,0.6675700790769309
BernoulliNB,0.8776470588235294,0.7684549394465505,0.917706199962763,0.9358268464021264,0.9266779469825155,0.7684549394465505
