name,f1,auroc,average_precision
LogisticRegression,0.9185140802875974,0.8661546826151965,0.9486449258388581
RandomForestClassifier,0.9296966423620487,0.6833058651624303,0.8811306479215228
SGDClassifier,0.93922136121744,0.7884132458882697,0.9177416400457796
KNeighborsClassifier,0.9229793403407032,0.6774432513252684,0.8792422613079109
BernoulliNB,0.9245212166729253,0.7573454703003942,0.906812972333954
KMeans,0.7001126241425207,0.3373628007339948,0.7810107513276785
