name,accuracy,balanced_accuracy,precision,recall,f1,auroc
LogisticRegression,0.8773525721455459,0.8619001992300939,0.9644617912900575,0.8851809954751131,0.9231222965001966,0.8619001992300939
RandomForestClassifier,0.8851944792973652,0.6831439521847775,0.8871951219512195,0.9875565610859729,0.9346895074946466,0.6831439521847775
SGDClassifier,0.9047992471769134,0.778661134373382,0.9209535759096612,0.9687028657616893,0.9442249379766608,0.778661134373382
KNeighborsClassifier,0.8709222082810539,0.6682389804371807,0.8831879596374209,0.973604826546003,0.9261949600932652,0.6682389804371807
